[
    {
        "client": "8 Dec New",
        "percent": "52.89",
        "amount": "8,978,667,857.00"
    },
    {
        "client": "0 Hola47",
        "percent": "52.89",
        "amount": "7,986,848,858.00"
    },
    {
        "client": "Bytexus",
        "percent": "0.06",
        "amount": "9,440,000.00"
    },
    {
        "client": "0 Hola",
        "percent": "0.00",
        "amount": "8,978,667,857.00"
    },
    {
        "client": "0FCS",
        "percent": "0.00",
        "amount": "8,978,667,857.00"
    },
    {
        "client": "ACME Services, LLC",
        "percent": "0.00",
        "amount": "8,978,667,857.00"
    },
    {
        "client": "0SAM TEST 1 234",
        "percent": "0.00",
        "amount": "8,978,667,857.00"
    },
    {
        "client": "22AprilProspectiveCustomer",
        "percent": "0.00",
        "amount": "8,978,667,857.00"
    },
    {
        "client": "19dec",
        "percent": "0.00",
        "amount": "8,978,667,857.00"
    },
    {
        "client": "123Ting & Tong",
        "percent": "0.00",
        "amount": "8,978,667,857.00"
    },
    {
        "client": "3MayFCSClient",
        "percent": "0.00",
        "amount": "8,978,667,857.00"
    },
    {
        "client": "0SAM TEST",
        "percent": "0.00",
        "amount": "8,978,667,857.00"
    },
    {
        "client": "CL_Anupama_test_fcs-143",
        "percent": "0.00",
        "amount": "8,978,667,857.00"
    },
    {
        "client": "123Sam",
        "percent": "0.00",
        "amount": "8,978,667,857.00"
    },
    {
        "client": "test com",
        "percent": "0.00",
        "amount": "8,978,667,857.00"
    },
    {
        "client": "Eazy Line Express Inc - netsuite",
        "percent": "0.00",
        "amount": "8,978,667,857.00"
    },
    {
        "client": "22AprilClientPreprod",
        "percent": "0.00",
        "amount": "8,978,667,857.00"
    }
]