[
    {
        "client": "XYZ Pvt ltd",
        "percent": "52.89",
        "amount": "8,978,667,857.00"
    },
    {
        "client": "01 Arlen Cu",
        "percent": "47.05",
        "amount": "7,987,060,400.00"
    },
    {
        "client": "Ernesto's Company",
        "percent": "0.06",
        "amount": "9,440,000.00"
    },
    {
        "client": "02TESTING",
        "percent": "0.00",
        "amount": "541,336.00"
    },
    {
        "client": "001 Samsum",
        "percent": "0.00",
        "amount": "178,159.15"
    },
    {
        "client": "Gladiatorial Games, LLC",
        "percent": "0.00",
        "amount": "8,978,667,857.00"
    },
    {
        "client": "0FCS Customer",
        "percent": "0.00",
        "amount": "8,978,667,857.00"
    },
    {
        "client": "AZCCCCC-1",
        "percent": "0.00",
        "amount": "8,978,667,857.00"
    },
    {
        "client": "01 Arlen Customer",
        "percent": "0.00",
        "amount": "8,978,667,857.00"
    },
    {
        "client": "24MayFCSCustomer",
        "percent": "0.00",
        "amount": "8,978,667,857.00"
    },
    {
        "client": "A Perfect Girl, Inc.",
        "percent": "0.00",
        "amount": "8,978,667,857.00"
    },
    {
        "client": "3 PEAKS LOGISTICS LP",
        "percent": "0.00",
        "amount": "8,978,667,857.00"
    },
    {
        "client": "01TESTING01",
        "percent": "0.00",
        "amount": "8,978,667,857.00"
    },
    {
        "client": "3 Bear Energy LLC",
        "percent": "0.00",
        "amount": "8,978,667,857.00"
    },
    {
        "client": "cus_test1",
        "percent": "0.00",
        "amount": "8,978,667,857.00"
    },
    {
        "client": "ZICustomernew",
        "percent": "0.00",
        "amount": "8,978,667,857.00"
    },
    {
        "client": "Gama Trade Inc",
        "percent": "0.00",
        "amount": "8,978,667,857.00"
    }
]