[
    {
        "Company": "Aptimust Customer",
        "Motorcarrier": "19022023",
        "Phone":"987678763",
        "CreatedBy":"Arlen",
        "SubmittedDate":"30/09/22"
    },
    {
        "Company": "Dispin Prospective Customer",
        "Motorcarrier": "545",
        "Phone":"987678764",
        "CreatedBy":"Disha",
        "SubmittedDate":"30/09/22"
    },
    {
        "Company": "Doms Prospective Customer",
        "Motorcarrier": "0",
        "Phone":"987678769",
        "CreatedBy":"Hina",
        "SubmittedDate":"30/09/22"
    },
    {
        "Company": "Doms "
    },
    {
        "Company": "Prospective Customer"
    }
]