[
    {
        "day":"Invoice Purchased by Invoice Date",
        "value":"€146,060.00"
    },
    {
        "day":"Net Advances by Advance Date",
        "value":"€109,201.79"
    },
    {
        "day":"Advance Discounts",
        "value":"€664.48"
    },
    {
        "day":"Received Discounts",
        "value":"€559,258.06"
    },
    {
        "day":"Total Receipts",
        "value":"€4,909,121.20"
    },
    {
        "day":"Total Chargebacks",
        "value":"€800.00"
    },
    {
        "day":"Advance Chargebacks",
        "value":"€800.00"
    },
    {
        "day":"Discount Chargebacks",
        "value":"€800.00"
    }
]